{
  "hash": "ca42e853",
  "configHash": "4c8454cd",
  "lockfileHash": "d9f5fa43",
  "browserHash": "414ac9e1",
  "optimized": {
    "react/jsx-dev-runtime": {
      "src": "../../node_modules/react/jsx-dev-runtime.js",
      "file": "react_jsx-dev-runtime.js",
      "fileHash": "ff7d8ae5",
      "needsInterop": true
    },
    "react": {
      "src": "../../node_modules/react/index.js",
      "file": "react.js",
      "fileHash": "db2e3a85",
      "needsInterop": true
    },
    "react-dom/client": {
      "src": "../../node_modules/react-dom/client.js",
      "file": "react-dom_client.js",
      "fileHash": "af7ddb21",
      "needsInterop": true
    },
    "react-leaflet": {
      "src": "../../node_modules/react-leaflet/lib/index.js",
      "file": "react-leaflet.js",
      "fileHash": "ecc8b7a1",
      "needsInterop": false
    },
    "leaflet": {
      "src": "../../node_modules/leaflet/dist/leaflet-src.js",
      "file": "leaflet.js",
      "fileHash": "9b938b53",
      "needsInterop": true
    },
    "recharts": {
      "src": "../../node_modules/recharts/es6/index.js",
      "file": "recharts.js",
      "fileHash": "602d1522",
      "needsInterop": false
    },
    "html2canvas": {
      "src": "../../node_modules/html2canvas/dist/html2canvas.esm.js",
      "file": "html2canvas.js",
      "fileHash": "cf5ae552",
      "needsInterop": false
    },
    "jspdf": {
      "src": "../../node_modules/jspdf/dist/jspdf.es.min.js",
      "file": "jspdf.js",
      "fileHash": "dd99ebb2",
      "needsInterop": false
    }
  },
  "chunks": {
    "purify.es-XKMIAUC6": {
      "file": "purify__es-XKMIAUC6.js"
    },
    "index.es-XP6DQISA": {
      "file": "index__es-XP6DQISA.js"
    },
    "chunk-SITVF2AJ": {
      "file": "chunk-SITVF2AJ.js"
    },
    "chunk-3HME3SJ2": {
      "file": "chunk-3HME3SJ2.js"
    },
    "chunk-GH6UE3LJ": {
      "file": "chunk-GH6UE3LJ.js"
    },
    "chunk-DGCGC3HI": {
      "file": "chunk-DGCGC3HI.js"
    },
    "chunk-G3PMV62Z": {
      "file": "chunk-G3PMV62Z.js"
    }
  }
}